{
  "scaler_mean": [
    246.39642999999998,
    8.13096,
    2085.28255,
    56.10491499999999
  ],
  "scaler_std": [
    28.138262909339304,
    3.542430814906623,
    1140.3213390794708,
    23.644689737714366
  ],
  "lr_coef": [
    2.1576445921118603,
    1.9143638255578836,
    2.0623477928698066,
    2.3117426893323296
  ],
  "lr_intercept": -3.386593201181089,
  "features": [
    "Voltage",
    "Current",
    "Power",
    "Load"
  ],
  "thresholds": {
    "Voltage": 250,
    "Current": 9
  },
  "accuracy": 0.883
}